{
    "data":{
        "index":{
            "itemSize":1,
            "type":"Uint16Array",
            "array":[0,1,2,3,0,2,3,2,4,5,3,4,5,4,6,7,5,6,7,6,8,9,7,8,9,8,10,11,9,10,12,13,14,12,14,15,16,12,15,16,15,17,18,16,17,18,17,19,20,18,19,20,19,21,22,20,21,22,21,23,24,25,26,27,28,29,29,30,31,32,30,33,34,33,35,36,35,37,38,37,39,40,39,41,42,41,43,42,44,45,45,46,47,47,48,24,25,49,50,28,51,52,30,52,53,30,54,33,33,55,35,35,56,37,37,57,39,39,58,41,41,59,43,44,59,60,46,60,61,48,61,49,0,1,2,3,0,2,3,2,4,5,3,4,5,4,6,7,5,6,7,6,8,9,7,8,9,8,10,11,9,10,12,13,14,12,14,15,16,12,15,16,15,17,18,16,17,18,17,19,20,18,19,20,19,21,22,20,21,22,21,23,24,25,26,27,28,29,29,30,31,32,30,33,34,33,35,36,35,37,38,37,39,40,39,41,42,41,43,42,44,45,45,46,47,47,48,24,25,49,50,28,51,52,30,52,53,30,54,33,33,55,35,35,56,37,37,57,39,39,58,41,41,59,43,44,59,60,46,60,61,48,61,49,24,48,25,27,62,28,29,28,30,32,31,30,34,32,33,36,34,35,38,36,37,40,38,39,42,40,41,42,43,44,45,44,46,47,46,48,25,48,49,28,62,51,30,28,52,30,53,54,33,54,55,35,55,56,37,56,57,39,57,58,41,58,59,44,43,59,46,44,60,48,46,61,24,48,25,27,62,28,29,28,30,32,31,30,34,32,33,36,34,35,38,36,37,40,38,39,42,40,41,42,43,44,45,44,46,47,46,48,25,48,49,28,62,51,30,28,52,30,53,54,33,54,55,35,55,56,37,56,57,39,57,58,41,58,59,44,43,59,46,44,60,48,46,61]
        },
        "groups":[{
            "start":0,
            "count":408,
            "materialIndex":0
        }],
        "attributes":{
            "normal":{
                "itemSize":3,
                "type":"Float32Array",
                "array":[0.000122074,3.05185e-05,-1,0.000122074,0,-1,0.000152593,0,-1,0.000152593,0,-1,0.000152593,0,-1,0.000122074,0,-0.999969,0.000152593,0,-0.999969,0.000122074,0,-1,0.000183111,0,-1,0.000152593,0,-1,0.000183111,3.05185e-05,-1,0.000122074,0,-1,0,-0.999908,-0.0126347,0,-0.999908,-0.0124516,0,-0.999908,-0.0125736,0,-0.999908,-0.0126041,0,-0.999908,-0.0126652,0,-0.999908,-0.0126041,0,-0.999908,-0.0126652,0,-0.999908,-0.0125736,0,-0.999908,-0.0126347,0,-0.999908,-0.0125736,0,-0.999908,-0.0126347,0,-0.999908,-0.0126957,-1,0.000183111,-0.000183111,-0.920011,-0.275277,-0.278848,-0.86578,0.00744652,-0.500351,-0.86578,0.00744652,-0.500351,-0.560594,-0.581591,-0.589435,-0.49971,0.0133366,-0.866054,0,-0.702322,-0.711814,0,0.0155644,-0.999878,0.499741,0.0133366,-0.866054,0.560503,-0.581744,-0.589373,0.86581,0.00744652,-0.50029,0.920042,-0.275338,-0.278695,1,0.000183111,-9.15555e-05,0.99176,0.089938,0.0911588,0.86581,-0.005768,0.50029,0.812799,0.409436,0.41435,0.499527,-0.00912503,0.866237,0.454665,0.625996,0.633534,-3.05185e-05,-0.0101016,0.999939,0,0.702872,0.711295,-0.454665,0.626087,0.633442,-0.499557,-0.00912503,0.866207,-0.812799,0.409558,0.414197,-0.86581,-0.005768,0.50029,-0.99176,0.0901212,0.0909757,-1,9.15555e-05,0,-0.865963,-0.500076,0.000671407,-0.865963,-0.500076,0.000671407,-0.499863,-0.866085,0.001648,-9.15555e-05,-0.999969,0.0021363,0.49968,-0.866176,0.00183111,0.865749,-0.500443,0.000946074,0.999969,-0.000244148,0.000305185,0.865932,0.500107,0.000518815,0.499863,0.866085,0.00137333,0.000122074,0.999969,0.00183111,-0.499588,0.866237,0.00122074,-0.865841,0.500259,0.00021363,-0.920011,-0.275277,-0.278848]
            },
            "position":{
                "itemSize":3,
                "type":"Float32Array",
                "array":[-112.113,21.7423,-33.7615,-112.163,21.7289,-33.7616,-112.213,21.7423,-33.7616,-112.077,21.7789,-33.7615,-112.25,21.7789,-33.7616,-112.063,21.8289,-33.7615,-112.263,21.8289,-33.7616,-112.077,21.8789,-33.7615,-112.25,21.8789,-33.7616,-112.113,21.9155,-33.7615,-112.213,21.9155,-33.7616,-112.163,21.9289,-33.7616,-112.216,11.6944,-20.0612,-112.166,11.6946,-20.0746,-112.116,11.6944,-20.0612,-112.079,11.694,-20.0246,-112.252,11.694,-20.0246,-112.066,11.6933,-19.9746,-112.266,11.6933,-19.9746,-112.079,11.6927,-19.9246,-112.252,11.6927,-19.9246,-112.116,11.6923,-19.888,-112.216,11.6923,-19.888,-112.166,11.6921,-19.8746,-112.266,11.6933,-19.9746,-112.252,21.7938,-19.8822,-112.252,11.694,-20.0246,-112.252,11.694,-20.0246,-112.216,21.7681,-19.9082,-112.216,11.6944,-20.0612,-112.166,21.7586,-19.9177,-112.166,11.6946,-20.0746,-112.116,11.6944,-20.0612,-112.116,21.768,-19.9082,-112.079,11.694,-20.0246,-112.079,21.7938,-19.8821,-112.066,11.6933,-19.9746,-112.066,21.8289,-19.8466,-112.079,11.6927,-19.9246,-112.079,21.864,-19.811,-112.116,11.6923,-19.888,-112.116,21.8897,-19.7849,-112.166,11.6921,-19.8746,-112.166,21.8992,-19.7754,-112.216,21.8898,-19.7849,-112.216,11.6923,-19.888,-112.252,21.864,-19.811,-112.252,11.6927,-19.9246,-112.266,21.8289,-19.8466,-112.263,21.8289,-33.7616,-112.25,21.7789,-33.7616,-112.25,21.7789,-33.7616,-112.213,21.7423,-33.7616,-112.163,21.7289,-33.7616,-112.113,21.7423,-33.7615,-112.077,21.7789,-33.7615,-112.063,21.8289,-33.7615,-112.077,21.8789,-33.7615,-112.113,21.9155,-33.7615,-112.163,21.9289,-33.7616,-112.213,21.9155,-33.7616,-112.25,21.8789,-33.7616,-112.252,21.7938,-19.8822]
            },
            "uv":{
                "itemSize":2,
                "type":"Float32Array",
                "array":[0.272727,0,0.181818,0,0.090909,0,0.363636,0,0,0,0.454545,0,1,0,0.545455,0,0.909091,0,0.636364,0,0.818182,0,0.727273,0,0.090909,0,0.181818,0,0.272727,0,0.363636,0,0,0,0.454545,0,1,0,0.545455,0,0.909091,0,0.636364,0,0.818182,0,0.727273,0,0,0.916667,0.5,1,0,1,0,0,0.5,0.083333,0,0.083333,0.5,0.166667,0,0.166667,0,0.25,0.5,0.25,0,0.333333,0.5,0.333333,0,0.416667,0.5,0.416667,0,0.5,0.5,0.5,0,0.583333,0.5,0.583333,0,0.666667,0.5,0.666667,0.5,0.75,0,0.75,0.5,0.833333,0,0.833333,0.5,0.916667,1,0.916667,1,1,1,0,1,0.083333,1,0.166667,1,0.25,1,0.333333,1,0.416667,1,0.5,1,0.583333,1,0.666667,1,0.75,1,0.833333,0.5,0]
            }
        }
    },
    "metadata":{
        "generator":"io_three",
        "version":3,
        "position":63,
        "uv":63,
        "type":"BufferGeometry",
        "normal":63
    }
}