{
    "metadata":{
        "version":3,
        "generator":"io_three",
        "type":"BufferGeometry",
        "normal":26,
        "uv":26,
        "position":26
    },
    "data":{
        "groups":[{
            "count":144,
            "start":0,
            "materialIndex":0
        }],
        "index":{
            "type":"Uint16Array",
            "array":[0,1,2,3,4,5,6,7,3,8,6,9,10,9,11,12,11,13,14,13,15,16,14,15,17,16,18,19,18,20,21,20,22,2,21,22,0,1,2,3,4,5,6,7,3,8,6,9,10,9,11,12,11,13,14,13,15,16,14,15,17,16,18,19,18,20,21,20,22,2,21,22,0,23,1,3,7,4,6,24,7,8,24,6,10,8,9,12,10,11,14,12,13,16,25,14,17,25,16,19,17,18,21,19,20,2,1,21,0,23,1,3,7,4,6,24,7,8,24,6,10,8,9,12,10,11,14,12,13,16,25,14,17,25,16,19,17,18,21,19,20,2,1,21],
            "itemSize":1
        },
        "attributes":{
            "normal":{
                "type":"Float32Array",
                "array":[-0.625385,0.0553301,-0.778344,-0.155217,0,-0.987854,-0.155217,0,-0.987854,-0.927885,0.0958281,-0.360271,-0.625324,0.0553301,-0.778375,-0.625385,0.0553301,-0.778344,-0.98178,0.11066,0.154302,-0.927885,0.0958586,-0.360302,-0.772637,0.0958281,0.627522,-0.772607,0.0958281,0.627552,-0.356365,0.0553301,0.932676,-0.356456,0.0553301,0.932646,0.155339,0,0.987854,0.155156,0,0.987884,0.625355,-0.0553301,0.778344,0.625324,-0.0553301,0.778375,0.927885,-0.0958281,0.360271,0.98178,-0.11066,-0.154271,0.98178,-0.11066,-0.154302,0.772637,-0.0958281,-0.627552,0.772607,-0.0958586,-0.627552,0.356426,-0.0553301,-0.932646,0.356487,-0.0553301,-0.932646,-0.625324,0.0553301,-0.778375,-0.98178,0.11066,0.154302,0.927885,-0.0958586,0.360302],
                "itemSize":3
            },
            "position":{
                "type":"Float32Array",
                "array":[121.666,2.80625,70.7816,125.495,36.305,70.1392,121.808,2.78965,70.7188,121.576,2.81841,70.907,125.354,36.3216,70.2021,121.666,2.80625,70.7816,121.56,2.82286,71.0614,125.263,36.3337,70.3275,125.31,36.3337,70.6239,121.622,2.81841,71.2034,125.435,36.3216,70.7154,121.747,2.80625,71.2949,125.588,36.305,70.7319,121.901,2.78965,71.3115,125.729,36.2884,70.6691,122.042,2.77305,71.2486,122.132,2.76089,71.1232,125.836,36.2718,70.3893,122.149,2.75644,70.9688,125.773,36.2762,70.2473,122.086,2.76089,70.8268,125.648,36.2884,70.1558,121.961,2.77305,70.7353,125.354,36.3216,70.2021,125.247,36.3382,70.4819,125.82,36.2762,70.5437],
                "itemSize":3
            },
            "uv":{
                "type":"Float32Array",
                "array":[0,1,1,0.916667,0,0.916667,0,0.083333,1,0,0,0,0,0.166667,1,0.083333,1,0.25,0,0.25,1,0.333333,0,0.333333,1,0.416667,0,0.416667,1,0.5,0,0.5,0,0.583333,1,0.666667,0,0.666667,1,0.75,0,0.75,1,0.833333,0,0.833333,1,1,1,0.166667,1,0.583333],
                "itemSize":2
            }
        }
    }
}